,VehicleType,Value,Mileage,Details,dates
0,Jeep Wrangler Unlimited Sport S,"$30,000","24,611",Very good condition Wrangler Unlimited Sport S with ...more,2016
1,Jeep Wrangler Sport,"$26,000","47,668",2012 jeep wrangler sport.Very clean jeep here with a...more,2012
2,Jeep Wrangler,"$32,999","31,199",Nice JeepNo problems4” lifted with aftermarket wheel...more,2015
3,Jeep Wrangler Unlimited Freedom Edition,"$37,545 MSRP $41,600",3,2018 Jeep Wrangler JK Unlimited Freedom Edition Brig...more,2018
4,Jeep Wrangler Sport,"$29,900","49,078",CU Auto Sales is pleased to offer this 2013 Jeep Wra...more,2013
5,Jeep Wrangler Rubicon,"$31,500","37,063",Odometer is 20546 miles below market average!Awards:...more,2013
6,Jeep Wrangler Sahara,"$32,314","27,603","Features: **4X4**, **BLUETOOTH**, **MP3**, 4-Wheel D...more",2017
7,Jeep Wrangler Unlimited,"$14,750","149,600",2008 Jeep Wrangler Unlimited X. 3rd Owner.Carfax lis...more,2008
8,Jeep Wrangler Rubicon,"$36,495","43,282","Options:Four Wheel Drive,Locking/Limited Slip Differ...more",2014
9,Jeep Wrangler Rubicon,"$33,995","38,492",RUBICON Unlimited. Buy with confidence knowing every...more,2015
10,Jeep Wrangler Rubicon,"$36,995","29,751",AMAZING CONDITION RUBICON! CENTER CONSOL SAFE! THIS ...more,2014
11,Jeep Wrangler Sport,"$23,888","80,837",Body and Engine in flawless condition! Clean Title!...more,2013
12,Jeep Wrangler Altitude,"$27,991","69,821",GEAR UP! For Moab and Go Where NO One else Can!!! in...more,2012
13,Jeep Wrangler Rubicon,"$28,700","62,449",Clean CARFAX. CARFAX One-Owner. *THIS VEHICLE COMES ...more,2012
14,Jeep Wrangler Sport,"$30,997","34,155",**CARFAX One-Owner** Recent Arrival! Copper 2015 Jee...more,2015
15,Jeep Wrangler Sport,"$27,991","34,155",**CARFAX One-Owner** Recent Arrival! Copper 2015 Jee...more,2015
16,Jeep Wrangler Rubicon,"$28,856","43,212",Price Reduced!!! LEATHER! HEATED SEATS! HARD TOP! RU...more,2011
17,Jeep Wrangler Sport,"MSRP $38,575",2,2017 Jeep Wrangler Unlimited Sport Rhino Clearcoat 4...more,2017
18,Jeep Wrangler Sport,"$23,699","26,178","CLOTH SEATS, **BLUETOOTH / HANDS FREE**, PREMIUM WHE...more",2013
19,Jeep Wrangler Sport,"$28,990","39,220",New Price!16/20mpg2015 Jeep Wrangler Unlimited Sport...more,2015
20,Jeep Wrangler Sport,"$34,960","8,705",2017 Jeep Wrangler Unlimited Sport Black Wrangler Un...more,2017
21,Jeep Wrangler Sport,"$23,800","70,709",Recent Arrival! Clean CARFAX. Black 3.6L V6 24V VVT ...more,2012
22,Jeep Wrangler Unlimited Sport S,"$32,416 MSRP $36,195",236,2018 Jeep Wrangler JK Unlimited Sport S Chief Clearc...more,2018
23,Jeep Wrangler Sahara,"$24,999","73,238",2011 Jeep Wrangler Unlimited Sahara 4WD 6-Speed Manu...more,2011
24,Jeep Wrangler 75th Anniversary,"$34,495","16,650","75th Year Anniversary Edition!! One Owner vehicle, c...more",2016
25,Jeep Wrangler Unlimited X,"$18,630","68,416",Options:Easy Folding SoftTop6 SpeakersAM/FM CD/MP3 R...more,2008
26,Jeep Wrangler Sahara,"$26,999","38,389",Best Prices in America! AutoSource is Where Smart Mo...more,2014
27,Jeep Wrangler Sport,"$31,289","49,078",CU Auto Sales is pleased to offer this 2013 Jeep Wra...more,2013
28,Jeep Wrangler Sport,"$29,900","4,064",New Price! CARFAX One-Owner. Bright White Clearcoat ...more,2016
29,Jeep Wrangler Freedom Edition,"$29,912","63,431",CU Auto Sales is pleased to offer this 2014 Jeep Wra...more,2014
30,Jeep Wrangler Sport,"$25,990","15,339",All prices reflect dealer arranged financing. You go...more,2014
31,Jeep Wrangler Sahara,"$31,995","9,831",Buy with confidence knowing every vehicle comes with...more,2016
32,Jeep Wrangler Sport,"$18,977","97,995",2010 JEEP WRANGLER SPORT UNLIMITED WITH A 3.7 LITER ...more,2010
33,Jeep Wrangler Sahara,"$32,500","31,029","Jeep Certified. PRICED TO MOVE $1,600 below NADA Ret...more",2016
34,Jeep Wrangler Unlimited Sport,"$31,396 MSRP $33,345",10,"2018 Jeep Wrangler Unlimited Sport, Connectivity Gro...more",2018
35,Jeep Wrangler Unlimited Willys Wheeler W,"$35,970 MSRP $39,770",5,2018 Jeep Wrangler JK Unlimited Willys Wheeler W Bri...more,2018
36,Jeep Wrangler Sport,"$29,000","40,307","BLUETOOTH WIRELESS / HANDS FREE, ***USB PORTS***, NO...more",2015
37,Jeep Wrangler Sport,"$25,500","40,444",Blue 2015 Jeep Wrangler Unlimited Sport 4WD 6-Speed ...more,2015
38,Jeep Wrangler Rubicon,"$32,689","52,781",CARFAX One-Owner. Clean CARFAX. Anvil Clearcoat 2015...more,2015
39,Jeep Wrangler Sport,"$31,889","5,763","Just in, this 2017 Jeep Wrangler. Why buy new when y...more",2017
40,Jeep Wrangler Sahara,"$28,497","18,952",There is plenty of fun to be had with this 2016 Jeep...more,2016
41,Jeep Wrangler Sport,"$23,995","31,073","$23,995..2015 Jeep Wrangler Sport. ONLY 31K Miles!!!...more",2015
42,Jeep Wrangler Altitude,"MSRP $34,844","95,562","4-Wheel Drive, Power Windows, Power Locks, Heated Se...more",2012
43,Jeep Wrangler Rubicon,"$24,881","58,603",6 speed manual! Don't bother looking at any other SU...more,2013
44,Jeep Wrangler Sahara,"$28,869","68,326","*** CLEAN CARFAX, NO ACCIDENTS ***, *** HARD TO FIND...more",2014
45,Jeep Wrangler Unlimited Sport S,"$25,000",10,L@@K!! Black Clearcoat 2018 Jeep Wrangler Unlimited ...more,2018
46,Jeep Wrangler Rubicon,"$23,500","87,867",Moab Ready to Go!!! This Jeep Wrangler Unlimited Rub...more,2007
47,Jeep Wrangler Unlimited Rubicon,"$28,000","83,500",• [DGJ] 5-SPEED AUTOMATIC TRANSMISSION • [24R] 24R C...more,2012
48,Jeep Wrangler Sport,"$18,500","65,195","LEATHER SEATS, **HEATED SEATS**, BLUETOOTH / HANDS F...more",2012
49,Jeep Wrangler Sahara,"$29,579","40,703",Low Miles!! Leather Interior!! Heated Seats!! Blueto...more,2014
50,Jeep Wrangler Rubicon,"$39,767 MSRP $42,325",9,"4x4, Satellite Radio, CD Player, TRANSMISSION: 5-SPE...more",2017
51,Jeep Wrangler Sahara,"$27,388","29,810","Options:Four Wheel Drive,Power Steering,4-Wheel Disc...more",2013
52,Jeep Wrangler Sport,"$27,788","12,815","Options:Four Wheel Drive,Power Steering,ABS,4-Wheel ...more",2016
53,Jeep Wrangler Sport,"$25,999","47,875",This Jeep has sat here to long we need to get rid of...more,2015
54,Jeep Wrangler Rubicon,"$37,575","29,824","**KEYLESS ENTRY**, New Arrival. More Photos Coming S...more",2016
55,Jeep Wrangler Unlimited,"$30,995","16,329",Jeep enthusiasts come see our Moab ready low mileage...more,2016
56,Jeep Wrangler Unlimited Sahara,"$36,896 MSRP $40,710",10,Everyone qualify for this price. Larry H Miller RIVE...more,2018
57,Jeep Wrangler Rubicon,"$25,990","30,859",LOADED AND LIFTED***ONE OWNER****PERFECT CARFAX***Th...more,2015
58,Jeep Wrangler Rubicon,"$38,988","39,176","AFTERMARKET ACCESSORIES GALORE! CARFAX 1-Owner, GREA...more",2014
59,Jeep Wrangler Sahara,"$36,500","45,463",Over the river and through the woods to grandmother'...more,2013
60,Jeep Wrangler Freedom Edition,"$26,522","63,431",CU Auto Sales is pleased to offer this 2014 Jeep Wra...more,2014
61,Jeep Wrangler Sport,"$34,429 MSRP $38,575",3,2017 Jeep Wrangler Unlimited Sport Crystal Metallic ...more,2017
62,Jeep Wrangler Unlimited Sport S,"$34,753 MSRP $38,830",84,**2 year/ No Charge Maintenance package included** a...more,2018
63,Jeep Wrangler Rubicon,"$32,990","33,189",CARFAX One-Owner. Clean CARFAX. White 2015 Jeep Wran...more,2015
64,Jeep Wrangler Rubicon Hard Rock,"$39,995","14,160",LOADED 4WD RUBICON w/LOW MILES! MATCHING FREEDOM HA...more,2017
65,Jeep Wrangler Sport,"$26,995","51,646","BLUETOOTH WIRELESS / HANDS FREE, ***CLEAN CARFAX***,...more",2014
66,Jeep Wrangler Sahara,"$25,648","91,504",2012 Jeep Wrangler Recent Arrival! Unlimited Sahara ...more,2012
67,Jeep Wrangler Sahara,"$35,595","9,500",Buy with confidence knowing every vehicle comes with...more,2017
68,Jeep Wrangler Sport,"$34,595","9,681",Gray 2017 Jeep Wrangler Unlimited Sport 4WD 5-Speed ...more,2017
69,Jeep Wrangler Sport,"$24,999","21,600",Odometer is 7901 miles below market average!Best Pri...more,2016
70,Jeep Wrangler Sport,"$18,997","108,505",Options:Front air conditioningFront air conditioning...more,2012
71,Jeep Wrangler Smoky Mountain,"$37,950","7,112","LOCAL TRADE, PERFECT CARFAX, ACCIDENT FREE 1 OWNER!!...more",2017
72,Jeep Wrangler Sahara,"$24,881","34,472","MAINTENANCE RECORDS AVAILABLE, ALL VEHICLES PROFESSI...more",2014
73,Jeep Wrangler Rubicon,"$30,923","15,034","2017 Jeep Wrangler Unlimited Rubicon New Tires, Clea...more",2017
74,Jeep Wrangler Sahara,"$39,994","41,860",Options:Power SteeringPower WindowsTachometerCompass...more,2015
75,Jeep Wrangler Altitude,"$29,995","95,562","4-Wheel Drive, Power Windows, Power Locks, Heated Se...more",2012
76,Jeep Wrangler Unlimited Sport S,"$35,831 MSRP $39,625",3,2018 Jeep Wrangler JK Unlimited Sport S Bright White...more,2018
77,Jeep Wrangler Sport,"$26,988","44,907","*INCLUDED AT NO COST TO YOU, OUR LIFETIME ENGINE &am...more",2016
78,Jeep Wrangler Unlimited Sport S,"$35,457 MSRP $36,570",9,"Sport S trim, Firecracker Red C/C exterior. 4x4, iPo...more",2018
79,Jeep Wrangler Unlimited Sport S,"$35,457 MSRP $36,570",9,"Billet Silver Metallic Clear Coat exterior, Sport S ...more",2018
80,Jeep Wrangler Unlimited,"$26,995","21,370",Are you ready to hit the trails and have a blast thi...more,2012
81,Jeep Wrangler Unlimited Rubicon,"$38,857 MSRP $43,415",9,**2 year/ No Charge Maintenance package included** a...more,2018
82,Jeep Wrangler Sport,"$30,976","29,780","Only 29,780 Miles! Boasts 20 Highway MPG and 16 City...more",2015
83,Jeep Wrangler Rubicon,"$37,806 MSRP $42,820",2,2017 Jeep Wrangler Unlimited Rubicon Black Clearcoat...more,2017
84,Jeep Wrangler Sahara,"$30,700","30,907",Options:CONNECTIVITY GROUP -inc: Vehicle Informatio...more,2014
85,Jeep Wrangler Sport,"$35,976","16,288",Scores 21 Highway MPG and 16 City MPG! This Jeep Wra...more,2017
86,Jeep Wrangler Unlimited Sport S,"$34,234 MSRP $37,170",9,"Larry H Miler discount $ 2,936 Check out this 2018! ...more",2018
87,Jeep Wrangler Sport,"$26,000","6,991",EXCLUSIVE NO HAGGLE PRICING WITH NO PRESSURE SALES A...more,2017
88,Jeep Wrangler Sport,"$36,497","40,767",2015 Jeep Wrangler Unlimited Sport White CARFAX One-...more,2015
89,Jeep Wrangler Sport,"$28,290","40,915",New Price! Bright White Clearcoat 2016 Jeep Wrangler...more,2016
90,Jeep Wrangler Sport,"$28,000","65,000",This jeep is in great condition and has had lots of ...more,2012
91,Jeep Wrangler,"$37,995","11,477",Stock# 217963Z For more info on this 2015 JEEP WRANG...more,2015
92,Jeep Wrangler Rubicon,"$39,994","15,034","2017 Jeep Wrangler Unlimited Rubicon New Tires, Clea...more",2017
93,Jeep Wrangler Unlimited Rubicon,"$39,074 MSRP $43,115",9,"Larry H Miller RIVERDALE discount $ 4,041 Check out ...more",2018
94,Jeep Wrangler Unlimited Sport S,"$36,125 MSRP $39,370",9,"Larry H Miller RIVERDALE discount $ 3,242 Check out ...more",2018
95,Jeep Wrangler Rubicon,"$21,950","80,014",2007 Jeep Wrangler Rubicon 4 door!! BLUESTAR CERTIFI...more,2007
96,Jeep Wrangler Unlimited,"$30,500","95,937","DYNATRAC 60' axles RCV front shafts w high steer, Co...more",2011
97,Jeep Wrangler Unlimited Sport S,"$35,457 MSRP $36,770",1,"4x4, iPod/MP3 Input, CD Player, Aluminum Wheels, TRA...more",2018
98,Jeep Wrangler Unlimited Sport S,"$37,551 MSRP $41,625",8,2018 Jeep Wrangler JK Unlimited Sport S Gobi Clearco...more,2018
99,Jeep Wrangler Unlimited Sport S,"$37,551 MSRP $41,625",6,2018 Jeep Wrangler JK Unlimited Sport S Crystal Meta...more,2018
100,Jeep Wrangler Sahara,"$26,522","45,463",Over the river and through the woods to grandmother'...more,2013
101,Jeep Wrangler Sport,"$29,995","20,538","PERFECT CARFAX, ACCIDENT FREE 1 OWNER!! ***WE ARE A ...more",2016
102,Jeep Wrangler Sport,"$28,869","17,402",Looking for a used car at an affordable price? Take ...more,2015
103,Jeep Wrangler Sport,"$28,975","39,880",New Price!16/20mpg2015 Jeep Wrangler Unlimited Sport...more,2015
104,Jeep Wrangler Rubicon,"$28,990","30,187",4WD! SoftTop! Welcome The New Karl Malone Mitsubishi...more,2014
105,Jeep Wrangler Rubicon,"$32,750","58,603",6 speed manual! Don't bother looking at any other SU...more,2013
106,Jeep Wrangler Sport,"$24,523","45,841",Red 2012 Jeep Wrangler Unlimited Sport 4WD 6-Speed M...more,2012
107,Jeep Wrangler Sport,"$18,499","56,669","CLOTH SEATS, *NEVER WRECKED-NEVER PAINTED*, PASSED 1...more",2015
108,Jeep Wrangler Sahara,"$33,994","11,918","**NEW TIRES**, **LOCAL TRADE**, **PASSED OUR 109 POI...more",2016
109,Jeep Wrangler Rubicon,"$27,995","68,928","RUBICON w/LEATHER SEATS, CUSTOM WHEELS, POWER OPTION...more",2011
110,Jeep Wrangler Rubicon,"$30,997","62,449",Clean CARFAX. CARFAX One-Owner. *THIS VEHICLE COMES ...more,2012
111,Jeep Wrangler Sport,"$29,912","4,064",New Price! CARFAX One-Owner. Bright White Clearcoat ...more,2016
112,Jeep Wrangler Freedom Edition,"$29,900","16,979",Spotless Jeep Wrangler Unlimited Freedom edition!! H...more,2015
113,Jeep Wrangler Sport,"$30,842","25,014",2016 Jeep Wrangler Unlimited Sport Hard Top 3.6L V6 ...more,2016
114,Jeep Wrangler Rubicon,"$38,988","30,859",LOADED AND LIFTED***ONE OWNER****PERFECT CARFAX***Th...more,2015
115,Jeep Wrangler Rubicon,"$36,888","45,321",You can tell the previous owner babied this Vehicle ...more,2014
116,Jeep Wrangler Sport,"$34,941 MSRP $39,170",3,2017 Jeep Wrangler Unlimited Sport Crystal Metallic ...more,2017
117,Jeep Wrangler Smoky Mountain,"$37,950","7,112","LOCAL TRADE, PERFECT CARFAX, ACCIDENT FREE 1 OWNER!!...more",2017
118,Jeep Wrangler Sport,"$26,596","42,160",HARD TOP! 2016 Jeep Wrangler Unlimited Sport 4WD 5-S...more,2016
119,Jeep Wrangler Sport,"$30,842","25,014",2016 Jeep Wrangler Unlimited Sport Hard Top 3.6L V6 ...more,2016
0,Jeep Wrangler Rubicon,"$36,888","45,321",You can tell the previous owner babied this Vehicle ...more,2014
1,Jeep Wrangler Sport,"$34,941 MSRP $39,170",3,2017 Jeep Wrangler Unlimited Sport Crystal Metallic ...more,2017
2,Jeep Wrangler Rubicon,"$33,753","32,632",Silver 2012 Jeep Wrangler Unlimited Rubicon 4WD 5-Sp...more,2012
3,Jeep Wrangler Rubicon,"$36,500","39,176","AFTERMARKET ACCESSORIES GALORE! CARFAX 1-Owner, GREA...more",2014
4,Jeep Wrangler Sport,"$33,190 MSRP $37,135",360,2017 Jeep Wrangler Unlimited Sport Rhino Clearcoat 4...more,2017
5,Jeep Wrangler Sport,"$26,827","47,136",Price Reduced!!! CARFAX One-Owner.Ken Garff West Val...more,2012
6,Jeep Wrangler Unlimited Sport,"$31,425 MSRP $32,255",11,"Chief Clear Coat exterior, Sport trim. CD Player, CO...more",2018
7,Jeep Wrangler Sport,"$28,999","1,118","GENTLY USED TIRES, PASSED 151 POINT INSPECTION.Odome...more",2017
8,Jeep Wrangler Sahara,"$35,595","9,840",Buy with confidence knowing every vehicle comes with...more,2017
9,Jeep Wrangler Rubicon X,"$35,450","39,982","ONE OWNER!!! HEATED LEATHER SEATS, NAVIGATION, HARD ...more",2014
10,Jeep Wrangler Sport,"$30,632","44,999",Recent Arrival! CARFAX One-Owner.Certified Pre-Owned...more,2016
11,Jeep Wrangler Sahara,"$37,995","13,089",Buy with confidence knowing every vehicle comes with...more,2017
12,Jeep Wrangler Sahara,"$28,990","13,089",Buy with confidence knowing every vehicle comes with...more,2017
13,Jeep Wrangler Sport,"$37,995","44,907","*INCLUDED AT NO COST TO YOU, OUR LIFETIME ENGINE &am...more",2016
14,Jeep Wrangler Sahara,"$26,988","68,326","*** CLEAN CARFAX, NO ACCIDENTS ***, *** HARD TO FIND...more",2014
15,Jeep Wrangler Sport,"$25,000","39,880",New Price!16/20mpg2015 Jeep Wrangler Unlimited Sport...more,2015
16,Jeep Wrangler Rubicon,"$38,000","10,617","CARFAX 1-Owner, Jeep Certified, LOW MILES - 10,617! ...more",2017
17,Jeep Wrangler Rubicon,"$30,993","14,880",WHERE SMART MONEY GOES! PRESTMAN AUTO IS THE HIGHEST...more,2015
18,Jeep Wrangler Sport,"$26,993","2,720","At almost $8,000 below the average market price, thi...more",2017
19,Jeep Wrangler Sport,"$35,799 MSRP $37,635",1,"Hitch, SIRIUS SATELLITE RADIO, CD Player, 4x4, LED L...more",2017
20,Jeep Wrangler Sport,"$32,765 MSRP $34,110",149,"Sport trim, Black Clear Coat exterior. Hitch, 4x4, C...more",2017
21,Jeep Wrangler Sport S,"$38,381 MSRP $40,355",15,"Options:BLACK CLOTH LOW-BACK BUCKET SEATS,ENGINE: 3...more",2018
22,Jeep Wrangler Unlimited,"$17,500","137,000","2007 Wrangler Unlimited with a 2.5"" spacer lift and ...more",2007
23,Jeep Wrangler Unlimited Sahara,"$14,295","120,730","Options:V6 3.8 Liter,Automatic,4WD,Traction Control,...more",2007
24,Jeep Wrangler Unlimited Sport S,"$37,380 MSRP $38,930",11,"Heated Seats, Aluminum Wheels, Trailer Hitch, CD Pla...more",2018
25,Jeep Wrangler Unlimited Sport,"$29,595 MSRP $30,185",9,"Sport trim, Bright White Clear Coat exterior. CD Pla...more",2018
26,Jeep Wrangler Unlimited Sport,"$31,615 MSRP $32,455",9,"CD Player, iPod/MP3 Input, CONNECTIVITY GROUP, TRANS...more",2018
27,Jeep Wrangler Sahara,"$26,500","34,472","MAINTENANCE RECORDS AVAILABLE, ALL VEHICLES PROFESSI...more",2014
28,Jeep Wrangler Rubicon,"$30,923","58,603",6 speed manual! Don't bother looking at any other SU...more,2013
29,Jeep Wrangler Sahara,"$28,869","45,463",Over the river and through the woods to grandmother'...more,2013
30,Jeep Wrangler Sahara,"$26,522","59,807","CARFAX 1-Owner, ONLY 59,807 Miles! PRICED TO MOVE $3...more",2013
31,Jeep Wrangler Unlimited Sport S,"$34,234 MSRP $37,170",9,"Larry H Miller Discount $ 2,936 Are you interested i...more",2018
32,Jeep Wrangler Rubicon,"$38,999 MSRP $41,725",1,"Rubicon trim, Black Clear Coat exterior. iPod/MP3 In...more",2017
33,Jeep Wrangler Sport,"$28,500","35,068",CARFAX One-Owner. Clean CARFAX. Home of the Pure Cou...more,2014
34,Jeep Wrangler Sport,"$28,995","42,559","4WD UNLIMITED, FUN TO DRIVE! Buy with confidence k...more",2016
35,Jeep Wrangler Rubicon Hard Rock,"$39,000","16,564","$1,600 below NADA Retail! Jeep Certified, CARFAX 1-O...more",2016
36,Jeep Wrangler Wrangler X,"$19,500","83,000",2008 Wrangler X Unlimited with a lot of extras. Upgr...more,2008
37,Jeep Wrangler Rubicon,"$30,995","32,989",NEW TERRAFLEX SUSPENSION LIFT!!!! Check out this 20...more,2012
38,Jeep Wrangler Rubicon,"$29,997","13,625",There is plenty of fun to be had with this 2016 Jeep...more,2016
39,Jeep Wrangler Sport,"$26,950","58,249","Clean AutoCheck History Report, One owner, Hardtop 4...more",2016
40,Jeep Wrangler Unlimited Sahara,"$33,500","15,265",2015 Jeep Wrangler Unlimited Sahara 4WD 2015 Jeep W...more,2015
41,Jeep Wrangler Sport,"$30,990","24,810",Options:Roof-Targa4 Wheel DriveAM/FM StereoCD Player...more,2017
42,Jeep Wrangler Sport,"$39,406 MSRP $41,790","6,991",EXCLUSIVE NO HAGGLE PRICING WITH NO PRESSURE SALES A...more,2017
43,Jeep Wrangler Smoky Mountain,"$36,497","7,112","LOCAL TRADE, PERFECT CARFAX, ACCIDENT FREE 1 OWNER!!...more",2017
44,Jeep Wrangler Rubicon,"$37,950","30,187",4WD! SoftTop! Welcome The New Karl Malone Mitsubishi...more,2014
45,Jeep Wrangler Sport S,"$32,750",5,****CUSTOMER MUST QUALIFY FOR ALL THE APPLICABLE INC...more,2018
46,Jeep Wrangler Unlimited Rubicon,"$39,675 MSRP $43,220",5,****CUSTOMER MUST QUALIFY FOR ALL THE APPLICABLE INC...more,2018
47,Jeep Wrangler Unlimited Sport S,"$37,546 MSRP $40,520",5,****CUSTOMER MUST QUALIFY FOR ALL THE APPLICABLE INC...more,2018
48,Jeep Wrangler Unlimited Sport S,"$38,431 MSRP $40,965",5,****CUSTOMER MUST QUALIFY FOR ALL THE APPLICABLE INC...more,2018
49,Jeep Wrangler Unlimited Willys Wheeler,"$37,305 MSRP $40,250",5,****CUSTOMER MUST QUALIFY FOR ALL THE APPLICABLE INC...more,2018
50,Jeep Wrangler Sport,"$39,895","1,528","Options:Four Wheel Drive,Power Steering,ABS,4-Wheel ...more",2017
51,Jeep Wrangler Unlimited Sport S,"$35,831 MSRP $39,625",30,2018 Jeep Wrangler JK Unlimited Sport S Gobi Clearco...more,2018
52,Jeep Wrangler Rubicon,"$37,987","16,023",2016 Jeep Wrangler Clean CARFAX. Odometer is 3143 mi...more,2016
53,Jeep Wrangler Rubicon,"$32,995","41,116",*(STOP)*~Look at this ad! ~***Click On The Pics!!! *...more,2016
54,Jeep Wrangler Rubicon,"$33,995","42,789",*(STOP)*~Look at this ad! ~***Click On The Pics!!! *...more,2016
55,Jeep Wrangler Unlimited Sport S,"$33,961 MSRP $36,870",9,Everyone qualify for this price. Larry H Miller Rive...more,2018
56,Jeep Wrangler Unlimited Sahara,"$21,999","130,000",Just in time for Southern Utah Jeeping season! If yo...more,2011
57,Jeep Wrangler Sport,"$27,399","40,915",New Price! Bright White Clearcoat 2016 Jeep Wrangler...more,2016
58,Jeep Wrangler Altitude,"$28,000","69,821",GEAR UP! For Moab and Go Where NO One else Can!!! in...more,2012
59,Jeep Wrangler Rubicon,"$28,700","45,321",You can tell the previous owner babied this Vehicle ...more,2014
60,Jeep Wrangler Altitude,"$36,888","23,336","**LEATHER SEATS**, HEATED SEATS, BLUETOOTH / HANDS F...more",2015
61,Jeep Wrangler Sahara,"$31,500","22,044",Ridiculously low miles! Whether heading for the moun...more,2014
62,Jeep Wrangler Sport,"$27,770","37,865",2015 Jeep Wrangler Clean CARFAX. Unlimited Sport 4WD...more,2015
63,Jeep Wrangler Sport,"$27,990","43,230",Options:Roof-Targa4 Wheel DriveAM/FM StereoCD Player...more,2015
64,Jeep Wrangler Sport,"$34,429 MSRP $38,575",4,2017 Jeep Wrangler Unlimited Sport Billet Silver Met...more,2017
65,Jeep Wrangler Rubicon,"$31,949","49,248",Recent Arrival!CARFAX One-Owner. Clean CARFAX. Flame...more,2014
66,Jeep Wrangler Rubicon,"$35,785","48,280",Recent Arrival! Clean CARFAX. White 3.6L V6 24V VVT ...more,2014
67,Jeep Wrangler Sport,"$24,000","98,649",mm Commando Green 2013 Jeep Wrangler Unlimited Sport...more,2013
68,Jeep Wrangler Unlimited Rubicon,"$39,985 MSRP $43,020",5,****CUSTOMER MUST QUALIFY FOR ALL THE APPLICABLE INC...more,2018
69,Jeep Wrangler Sport,"$29,833","96,428",Price Reduced!!! Ken Garff West Valley Chrysler Jeep...more,2011
70,Jeep Wrangler Sport,"$36,910 MSRP $36,690",41,2017 Jeep Wrangler. Drive this home today! The SUV y...more,2017
71,Jeep Wrangler Sport,"$28,975","17,402",Looking for a used car at an affordable price? Take ...more,2015
72,Jeep Wrangler Sport,"$23,975","80,837",Body and Engine in flawless condition! Clean Title!...more,2013
73,Jeep Wrangler Sport,"$23,888","25,014",2016 Jeep Wrangler Unlimited Sport Hard Top 3.6L V6 ...more,2016
74,Jeep Wrangler Sport,"$30,842","43,230",Options:Roof-Targa4 Wheel DriveAM/FM StereoCD Player...more,2015
75,Jeep Wrangler Sport,"$27,990","61,363",Check out this 2013! A great vehicle and a great val...more,2013
76,Jeep Wrangler Sahara,"$25,873","77,048",*******ALL CARS TREATED BY DRIVE-PUR ANTI-BACTERIAL ...more,2012
77,Jeep Wrangler Unlimited Sport S,"$34,631 MSRP $38,230",3,2018 Jeep Wrangler JK Unlimited Sport S Bright White...more,2018
78,Jeep Wrangler Unlimited Sport,"$32,025 MSRP $35,200",3,2018 Jeep Wrangler JK Unlimited Sport Gobi Clearcoat...more,2018
79,Jeep Wrangler Sahara,"$23,590","133,395",2014 Jeep Wrangler Unlimited Sahara Black Clearcoat ...more,2014
80,Jeep Wrangler Unlimited Freedom Edition,"$38,049 MSRP $41,605",9,Everyone qualify for this price. Larry H Miller Rive...more,2018
81,Jeep Wrangler Sport,"$19,500","101,007",CU Auto Sales is pleased to offer this 2010 Jeep Wra...more,2010
82,Jeep Wrangler Unlimited Sport S,"$34,844 MSRP $36,095",1,"Sport S trim, Rhino Clear Coat exterior. Alloy Wheel...more",2018
83,Jeep Wrangler Unlimited Freedom Edition,"$37,945 MSRP $39,365",9,"Heated Seats, Alloy Wheels, 4x4, Satellite Radio, To...more",2018
84,Jeep Wrangler Unlimited Sport S,"$35,831 MSRP $39,625",3,2018 Jeep Wrangler JK Unlimited Sport S Billet Silve...more,2018
85,Jeep Wrangler Unlimited Sahara,"$24,500","12,327","NAVIGATION / GPS, PREMUIM SOUND, ***BACK UP CAMERA**...more",2007
86,Jeep Wrangler Sport,"$36,497","6,991",EXCLUSIVE NO HAGGLE PRICING WITH NO PRESSURE SALES A...more,2017
87,Jeep Wrangler Sport,"$38,500","49,078",CU Auto Sales is pleased to offer this 2013 Jeep Wra...more,2013
88,Jeep Wrangler Sport,"$29,900","39,880",New Price!16/20mpg2015 Jeep Wrangler Unlimited Sport...more,2015
89,Jeep Wrangler Rubicon,"$28,990","30,859",LOADED AND LIFTED***ONE OWNER****PERFECT CARFAX***Th...more,2015
90,Jeep Wrangler Rubicon Hard Rock,"$38,988","29,417","BLUETOOTH WIRELESS / HANDS FREE, USB PORTS, NAVIGATI...more",2016
91,Jeep Wrangler Unlimited Sport,"$31,427 MSRP $34,505",4,2018 Jeep Wrangler JK Unlimited Sport Bright White C...more,2018
92,Jeep Wrangler Sahara,"$15,500","113,000","Great Jeep, I don’t wheel anymore so I don’t drive i...more",2009
93,Jeep Wrangler 75th Anniversary,"$33,900","4,802",CARFAX One-Owner. Clean CARFAX. White 2016 Jeep Wran...more,2016
94,Jeep Wrangler Sahara,"$30,881","38,013","4x4, Power Windows, Power Locks, Heated Seats, Remot...more",2013
95,Jeep Wrangler Unlimited Willys Wheeler,"$35,728 MSRP $37,075",9,"Granite Crystal Met. Clear Coat exterior, Willys Whe...more",2018
96,Jeep Wrangler Unlimited Sport S,"$35,457 MSRP $36,770",9,"4x4, iPod/MP3 Input, CD Player, Alloy Wheels, TRAILE...more",2018
97,Jeep Wrangler Unlimited Freedom Edition,"$37,945 MSRP $39,565",9,"Heated Seats, Aluminum Wheels, 4x4, Satellite Radio,...more",2018
98,Jeep Wrangler Unlimited Altitude,"$39,409 MSRP $41,625",9,"Heated Seats, Satellite Radio, Running Boards, CD Pl...more",2018
99,Jeep Wrangler Altitude,"$28,700","69,821",GEAR UP! For Moab and Go Where NO One else Can!!! in...more,2012
100,Jeep Wrangler Sport,"$30,900","19,070","THIS 4 DOOR, 4 WHEEL DRIVE WRANGLER UNLIMITED SPORT ...more",2014
101,Jeep Wrangler Sport,"$30,995","36,766","$30,995...CLEAN CARFAX... CLEAN TITLE...2015 Jeep Wr...more",2015
102,Jeep Wrangler Rubicon,"MSRP $36,580","10,741",New Price!Priced below KBB Fair Purchase Price!16/20...more,2016
103,Jeep Wrangler Rubicon,"$36,330","39,176","AFTERMARKET ACCESSORIES GALORE! CARFAX 1-Owner, GREA...more",2014
104,Jeep Wrangler Rubicon,"$36,500","15,034","2017 Jeep Wrangler Unlimited Rubicon New Tires, Clea...more",2017
105,Jeep Wrangler Unlimited Willys Wheeler,"$39,994",1,**2 year/ No Charge Maintenance package included** a...more,2018
106,Jeep Wrangler Rubicon,"$32,466","91,967",Take command of the road in the 2014 Jeep Wrangler U...more,2014
107,Jeep Wrangler Rubicon,"$27,900","88,834","2012 JEEP WRANGLER, RUBICON, 3.6L V6, 4X4, WITH 88,8...more",2012
108,Jeep Wrangler Dragon Edition,"$32,877","33,180",Take command of the road in the 2014 Jeep Wrangler U...more,2014
109,Jeep Wrangler Black Bear,"$30,000","27,135",$600 below NADA Retail! Black Bear trim. CARFAX 1-Ow...more,2016
110,Jeep Wrangler Altitude,"$31,940","30,292","Clean Title. 2014 Jeep Wrangler Unlimited Altitude, ...more",2014
111,Jeep Wrangler Unlimited Sport S,"$35,569 MSRP $39,320",3,2018 Jeep Wrangler JK Unlimited Sport S Bright White...more,2018
112,Jeep Wrangler Rubicon,"$29,900","53,893",2014 Jeep Wrangler Unlimited Rubicon *CLEAN CARFAX*N...more,2014
113,Jeep Wrangler Unlimited Sahara,"$32,983","25,200",2013 Jeep Wrangler Unlimited MOAB 4WD 3.6L V6- Orang...more,2013
114,Jeep Wrangler Rubicon,"$31,853","31,669","Clean Title. Clean 2014 Wrangler Unlimited Rubicon, ...more",2014
115,Jeep Wrangler Rubicon,"$27,700","28,216",Get ready for some fun! Whether you're heading to th...more,2010
116,Jeep Wrangler Rubicon,"$38,514 MSRP $44,015",290,**2 year/ No Charge Maintenance package included** a...more,2017
117,Jeep Wrangler Freedom Edition,"$25,990","63,431",CU Auto Sales is pleased to offer this 2014 Jeep Wra...more,2014
118,Jeep Wrangler Sport,"$28,975","17,402",Looking for a used car at an affordable price? Take ...more,2015
119,Jeep Wrangler Altitude,"$24,881","95,562","4-Wheel Drive, Power Windows, Power Locks, Heated Se...more",2012
0,Jeep Wrangler Unlimited Rubicon Hard Rock,"$40,000","35,998",2016 Jeep Wrangler Rubicon Hardrock for sale. White ...more,2016
1,Jeep Wrangler Freedom,"$31,595","22,641","PERFECT CARFAX, ACCIDENT FREE 1 OWNER!! ***WE ARE A ...more",2016
2,Jeep Wrangler Sport,"$25,993","12,568","Loads of fun both off road and on, this 2016 Jeep Wr...more",2016
3,Jeep Wrangler Sport,"$29,894","18,805",Recent Arrival!Clean CARFAX. Black Clearcoat 2016 Je...more,2016
4,Jeep Wrangler Sport,"$28,700","30,840",Factory certified pre-owned! Extended factory warran...more,2015
5,Jeep Wrangler Unlimited Rubicon,"$33,900","41,000",2014 Jeep Wrangler Unlimited Rubicon (Vehicle histor...more,2014
6,Jeep Wrangler Unlimited Freedom Edition,"$36,107 MSRP $39,365",10,Everyone qualify for this price. Larry H Miller Rive...more,2018
7,Jeep Wrangler Sport,"$38,633","13,623",Price Reduced!! CARFAX One-Owner.Certified Pre-Owne...more,2017
8,Jeep Wrangler Sport,"$31,888","11,739",CARFAX One-Owner. Clean CARFAX. billet silver metall...more,2017
9,Jeep Wrangler Sport,"$26,596","42,160",HARD TOP! 2016 Jeep Wrangler Unlimited Sport 4WD 5-S...more,2016
10,Jeep Wrangler Sport,"$28,290","40,767",2015 Jeep Wrangler Unlimited Sport White CARFAX One-...more,2015
11,Jeep Wrangler Unlimited Sport,"$32,298 MSRP $35,500",4,2018 Jeep Wrangler JK Unlimited Sport Gobi Clearcoat...more,2018
12,Jeep Wrangler Sport,"$36,960 MSRP $40,920","40,915",New Price! Bright White Clearcoat 2016 Jeep Wrangler...more,2016
13,Jeep Wrangler Freedom Edition,"$28,000","63,431",CU Auto Sales is pleased to offer this 2014 Jeep Wra...more,2014
14,Jeep Wrangler Sahara,"$25,990","34,472","MAINTENANCE RECORDS AVAILABLE, ALL VEHICLES PROFESSI...more",2014
15,Jeep Wrangler Unlimited Sport S,"$30,923",4,2018 Jeep Wrangler JK Unlimited Sport S Bright White...more,2018
16,Jeep Wrangler Sport,"$29,119","21,316",New Price! Clean CARFAX. Black 3.6L V6 24V VVT 5-Spe...more,2015
17,Jeep Wrangler Sport,"$27,400","37,454",2015 Jeep Wrangler Unlimited SportThis vehicle is ni...more,2015
18,Jeep Wrangler X,"$18,252","109,365",***CLEAN HISTORY!!! TRADE IN!!! 4X4!!! LOW MILES!!!...more,2009
19,Jeep Wrangler Sahara,"$32,000","51,527",CARFAX One-Owner. White 2015 Jeep Wrangler Unlimited...more,2015
20,Jeep Wrangler Sport,"$35,953","8,159",Price Reduced!!! Ken Garff West Valley Chrysler Jeep...more,2017
21,Jeep Wrangler,"$29,895","29,728","Options:Four Wheel Drive,Power Steering,ABS,4-Wheel ...more",2016
22,Jeep Wrangler Unlimited Sahara,"$15,990","121,315","Located at our 1032 S Geneva rd, Orem, Ut 84058 Lot....more",2007
23,Jeep Wrangler Sahara,"$32,870","65,000",EXCLUSIVE MARKET PRICING NO HAGGLE WITH NO PRESSURE ...more,2014
24,Jeep Wrangler Unlimited Sport S,"MSRP $37,170",9,This Jeep won't be on the lot long! This vehicle shi...more,2018
25,Jeep Wrangler Unlimited Freedom Edition,"$37,678 MSRP $39,065",9,"Bright White Clear Coat exterior, Freedom Edition tr...more",2018
26,Jeep Wrangler Sport,"$35,538 MSRP $37,435",1,"Sport trim, Black Clear Coat exterior. Tow Hitch, SI...more",2017
27,Jeep Wrangler Sport,"$38,361 MSRP $40,460","44,907","*INCLUDED AT NO COST TO YOU, OUR LIFETIME ENGINE &am...more",2016
28,Jeep Wrangler Sport,"$26,988","49,078",CU Auto Sales is pleased to offer this 2013 Jeep Wra...more,2013
29,Jeep Wrangler Sport,"$29,900","17,402",Looking for a used car at an affordable price? Take ...more,2015
30,Jeep Wrangler Unlimited Sahara,"$28,975",1,"Sahara trim, Firecracker Red C/C exterior. Running B...more",2018
31,Jeep Wrangler Unlimited Sport S,"$35,457 MSRP $36,570",11,"Sport S trim, Bright White Clear Coat exterior. 4x4,...more",2018
32,Jeep Wrangler Unlimited Sport,"$31,615 MSRP $32,255",11,"Granite Crystal Met. Clear Coat exterior, Sport trim...more",2018
33,Jeep Wrangler Unlimited Sport S,"$35,457 MSRP $36,770",11,"Sport S trim, Gobi Clear Coat exterior. 4x4, iPod/MP...more",2018
34,Jeep Wrangler Unlimited Sport S,"$35,457 MSRP $36,770",9,"Sport S trim, Rhino Clear Coat exterior. 4x4, iPod/M...more",2018
35,Jeep Wrangler Unlimited Sport,"$31,062 MSRP $32,970",2,FREE LIFETIME POWERTRAIN COVERAGE INCLUDED! Must fin...more,2018
36,Jeep Wrangler Unlimited,"$18,000","100,000","2012 4 door unlimited, loaded, power windows, locks,...more",2012
37,Jeep Wrangler Unlimited Sport S,"$35,457 MSRP $36,770",9,"Black Clear Coat exterior, Sport S trim. 4x4, iPod/M...more",2018
38,Jeep Wrangler Sport,"$26,741","34,391","***USB PORTS***, CLEAN CARFAX, ***ONE OWNER CARFAX**...more",2013
39,Jeep Wrangler Rubicon,"$36,330","10,741",New Price!Priced below KBB Fair Purchase Price!16/20...more,2016
40,Jeep Wrangler Unlimited,"$26,995","22,673",Are you ready to hit the trails and have a blast thi...more,2012
41,Jeep Wrangler Sport,"$28,771","24,397","4-Wheel Drive, Removable Hardtop, 3.6L Pentastar V6,...more",2014
42,Jeep Wrangler Sahara,"$34,234 MSRP $37,170","9,831",Buy with confidence knowing every vehicle comes with...more,2016
43,Jeep Wrangler Sport,"$31,995","43,230",Options:Roof-Targa4 Wheel DriveAM/FM StereoCD Player...more,2015
44,Jeep Wrangler Rubicon,"$27,990","30,859",LOADED AND LIFTED***ONE OWNER****PERFECT CARFAX***Th...more,2015
45,Jeep Wrangler Unlimited Sport S,"$38,988",9,****Everyone qualify for this price **** Larry H Mil...more,2018
46,Jeep Wrangler Unlimited Sport S,"$34,234 MSRP $37,170",9,****Everyone qualify for this price **** Larry H Mil...more,2018
47,Jeep Wrangler Unlimited Sport S,"$34,234 MSRP $37,170",9,****Everyone qualify for this price **** Larry H Mil...more,2018
48,Jeep Wrangler Unlimited Freedom Edition,"$38,049 MSRP $41,605",9,****Everyone qualify for this price **** Larry H Mil...more,2018
49,Jeep Wrangler Unlimited Sport S,"$33,094 MSRP $36,445",2,2018 Jeep Wrangler JK Unlimited Sport S Crystal Meta...more,2018
50,Jeep Wrangler Unlimited,"$21,999","51,000",2008 Wrangler Unlimited X. Remote start with alarm. ...more,2008
51,Jeep Wrangler 75th Anniversary,"$40,000","19,475",75th anniversary Larry H Miller red rock edition JK...more,2016
52,Jeep Wrangler Unlimited Sport,"$29,990 MSRP $32,255",9,*****Everyone qualify for this price***** Larry H Mi...more,2018
53,Jeep Wrangler Rubicon,"$28,863","50,045",If you've been hunting for just the right 2013 Jeep ...more,2013
54,Jeep Wrangler Unlimited Willys Wheeler W,"$35,411 MSRP $37,575",16,****CUSTOMER MUST QUALIFY FOR ALL THE APPLICABLE INC...more,2018
55,Jeep Wrangler,"$35,097 MSRP $36,940",48,"Options:Four Wheel Drive,Power Steering,ABS,4-Wheel ...more",2017
56,Jeep Wrangler,"$36,553 MSRP $38,575",10,"Options:Four Wheel Drive,Power Steering,ABS,4-Wheel ...more",2017
57,Jeep Wrangler Sport,"$22,630","4,064",New Price! CARFAX One-Owner. Bright White Clearcoat ...more,2016
58,Jeep Wrangler Sahara,"$29,912","41,860",Options:Power SteeringPower WindowsTachometerCompass...more,2015
59,Jeep Wrangler Rubicon,"$29,995","58,603",6 speed manual! Don't bother looking at any other SU...more,2013
60,Jeep Wrangler Sahara,"$28,869","89,847",CARFAX One-Owner. Clean CARFAX. Black 2012 Jeep Wran...more,2012
61,Jeep Wrangler Freedom,"$29,999","3,525","**NAVIGATION / GPS**, **BLUETOOTH / HANDS FREE**, RE...more",2017
62,Jeep Wrangler Sport,"$33,000","18,066",Look at all the extra's!!!! 2015 Jeep Wrangler Unlim...more,2015
63,Jeep Wrangler Unlimited Sport S,"MSRP $35,670",10,L@@K!! Rhino Clearcoat 2018 Jeep Wrangler JK Unlimit...more,2018
64,Jeep Wrangler Unlimited Sport S,"MSRP $37,585",10,L@@K!! Crystal Metallic 2018 Jeep Wrangler JK Unlimi...more,2018
65,Jeep Wrangler Unlimited Sport S,"MSRP $35,695",10,L@@K!! Crystal Metallic 2018 Jeep Wrangler JK Unlimi...more,2018
66,Jeep Wrangler Sport,"$28,000","40,915",New Price! Bright White Clearcoat 2016 Jeep Wrangler...more,2016
67,Jeep Wrangler Sport,"$28,988","15,145","Options:Four Wheel Drive,Power Steering,ABS,4-Wheel ...more",2016
68,Jeep Wrangler Unlimited Sahara,"$38,584 MSRP $40,710",9,"Heated Seats, Running Boards, 4x4, CD Player, Satell...more",2018
69,Jeep Wrangler Sahara,"$30,923","34,472","MAINTENANCE RECORDS AVAILABLE, ALL VEHICLES PROFESSI...more",2014
70,Jeep Wrangler Sahara,"$38,991","17,946",EXCLUSIVE MARKET PRICING NO HAGGLE WITH NO PRESSURE ...more,2017
71,Jeep Wrangler Unlimited Sport S,"$36,171 MSRP $37,585",1,"Alloy Wheels, SIRIUS SATELLITE RADIO, CD Player, 4x4...more",2018
72,Jeep Wrangler Rubicon,"$36,624 MSRP $38,095","10,741",New Price!Priced below KBB Fair Purchase Price!16/20...more,2016
73,Jeep Wrangler Altitude,"$36,330","69,821",GEAR UP! For Moab and Go Where NO One else Can!!! in...more,2012
74,Jeep Wrangler Smoky Mountain,"$28,700","7,112","LOCAL TRADE, PERFECT CARFAX, ACCIDENT FREE 1 OWNER!!...more",2017
75,Jeep Wrangler Unlimited Sport S,"$37,950",1,"Heated Leather Seats, Alloy Wheels, 4x4, SIRIUS SATE...more",2018
76,Jeep Wrangler Sahara,"$38,495","17,328",PRICE REDUCED!!!! 4x4!!! GORGEOUS!!!!!!!! WOW!!! NEW...more,2017
77,Jeep Wrangler Rubicon,"$37,500","20,671","BLUETOOTH WIRELESS / HANDS FREE, ***USB PORTS***, IN...more",2016
78,Jeep Wrangler Unlimited Sport S,"$33,592 MSRP $34,675",10,"Sport S trim, Rhino Clear Coat exterior. 4x4, iPod/M...more",2018
79,Jeep Wrangler Sport,"$35,995","8,519","4x4, Low Miles, Power Windows, Power Locks, Removabl...more",2017
80,Jeep Wrangler,"$24,980","44,123",Options:4 Wheel DriveAM/FM StereoAudio-Upgrade Sound...more,2008
81,Jeep Wrangler Moab,"$21,993","63,652",,2013
82,Jeep Wrangler Dragon Edition,"$29,995","32,185",Come take a look at this 2014 Jeep Wrangler Unlimite...more,2014
83,Jeep Wrangler Sahara,"$35,595","11,119",Buy with confidence knowing every vehicle comes with...more,2017
84,Jeep Wrangler Sahara,"$25,000","68,326","*** CLEAN CARFAX, NO ACCIDENTS ***, *** HARD TO FIND...more",2014
85,Jeep Wrangler Sahara,"$29,995","41,860",Options:Power SteeringPower WindowsTachometerCompass...more,2015
86,Jeep Wrangler Sahara,"$24,950","63,738",2010 Jeep Wrangler Sahara 4 door!! BLUESTAR INSPECTE...more,2010
87,Jeep Wrangler Rubicon,"$23,995","15,034","2017 Jeep Wrangler Unlimited Rubicon New Tires, Clea...more",2017
88,Jeep Wrangler Rubicon,"$39,994","30,187",4WD! SoftTop! Welcome The New Karl Malone Mitsubishi...more,2014
89,Jeep Wrangler Sport,"$32,750","34,155",**CARFAX One-Owner** Recent Arrival! Copper 2015 Jee...more,2015
90,Jeep Wrangler Unlimited Sahara,"$27,991","73,713",Jeep enthusiasts come see our 2010 Jeep Wrangler Unl...more,2010
91,Jeep Wrangler,"$16,500","123,000",2009 4 door Jeep Wrangler. Vehicle runs very well an...more,2009
92,Jeep Wrangler Sahara,"$17,990","120,691",**Certified** This vehicle comes with a 4 yr or 1000...more,2010
93,Jeep Wrangler Unlimited,"$28,500","27,851",Sahara Edition Excellent shape all around Black inte...more,2015
94,Jeep Wrangler Unlimited,"$27,995","23,914",Are you ready to hit the trails and have a blast thi...more,2012
95,Jeep Wrangler Sport,"$27,924","46,895",PRICE REDUCED!!!!!!!!!!..........HARD TO FIND HARD T...more,2016
96,Jeep Wrangler Unlimited Sahara,"$15,950","128,100",Awesome 2007 Wrangler Unlimited Sahara 4X4. Totally...more,2008
97,Jeep Wrangler Rubicon,"$28,500","25,000","2009 JEEP Wrangler Rubicon Black24,335 milesTeraflex...more",2009
98,Jeep Wrangler Sport,"$26,850","58,294",Check out this Jeep !!! Wrangler Unlimited .. Sport...more,2014
99,Jeep Wrangler,"$35,800","27,783",Stock# 3098 For more info on this 2016 JEEP WRANGLER...more,2016
100,Jeep Wrangler Unlimited Sport,"$36,000","13,000","Its a 2012 Jeep Wrangler LOW MILES!!! 13,000 miles...more",2012
101,Jeep Wrangler Sahara,"$28,457","69,810","Priced to sell at $2,336 below the market average. T...more",2013
102,Jeep Wrangler Sport,"$30,994","40,767",2015 Jeep Wrangler Unlimited Sport White CARFAX One-...more,2015
103,Jeep Wrangler Sport,"$28,290","25,014",2016 Jeep Wrangler Unlimited Sport Hard Top 3.6L V6 ...more,2016
104,Jeep Wrangler Sport,"$30,842","37,865",2015 Jeep Wrangler Clean CARFAX. Unlimited Sport 4WD...more,2015
105,Jeep Wrangler Sport,"$27,770","10,806","4WD, CarFax One Owner! Low miles for a 2014! Steerin...more",2014
106,Jeep Wrangler Sport,"$30,111","24,468","4WD, Priced below Market! Low miles for a 2014! Stee...more",2014
107,Jeep Wrangler Rubicon X,"$15,500","130,000",This is the best price on a four door Rubicon in the...more,2007
108,Jeep Wrangler Unlimited Rubicon,"$26,500","35,000","$16,000 worth of 4 wheel drive upgrades: 4 1/2 in Ru...more",2010
109,Jeep Wrangler Black Bear,"$30,000","21,000","Options:RADIO: 430 -inc: Remote USB Port,QUICK ORDE...more",2016
110,Jeep Wrangler Unlimited Sport,"$25,700","72,600","CLEAN ONE OWNER. OK, original owner, purchased in SL...more",2013
111,Jeep Wrangler Unlimited Rubicon,"$34,995","46,546","SOLD ** SOLD ** SOLD ** BRAND NEW LIFT KIT, WHEELS &...more",2014
112,Jeep Wrangler Rubicon,"$22,995","43,469",$22995...2011 Jeep Wrangler RUBICON. ONLY 43K Miles!...more,2011
113,Jeep Wrangler Sahara,"$31,877","78,468",Take command of the road in the 2014 Jeep Wrangler U...more,2014
114,Jeep Wrangler Sport,"$34,800","14,000",Selling my manual 2017 wrangler 4 door sport.It has ...more,2017
115,Jeep Wrangler Rubicon,"$36,550","21,420",Factory certified pre-owned! Extended factory warran...more,2016
116,Jeep Wrangler Wrangler X,"$28,500","42,612","FIRECRACKER Red, 2015 Jeep Wrangler Unlimited!!! LO...more",2015
117,Jeep Wrangler Rubicon,"$36,888","45,321",You can tell the previous owner babied this Vehicle ...more,2014
118,Jeep Wrangler Sport,"$23,888","80,837",Body and Engine in flawless condition! Clean Title!...more,2013
119,Jeep Wrangler Rubicon,"$30,997","62,449",Clean CARFAX. CARFAX One-Owner. *THIS VEHICLE COMES ...more,2012
0,Jeep Wrangler Unlimited,"$29,000","40,000",2013 4Door Jeep Wrangler Unlimited Sport4WDAutomanua...more,2013
1,Jeep Wrangler Unlimited,"$22,000","86,000","This is an amazing Jeep. CLEAN TITLE, NO ACCIDENTS!...more",2011
2,Jeep Wrangler X,"$17,950","119,286",SALT LAKE IMPORT is proud to offer this 2008 Jeep Wr...more,2008
3,Jeep Wrangler Unlimited Sahara,"$22,500","100,996","Super clean, clean carfax, nav, tow package, remova...more",2011
4,Jeep Wrangler Rubicon,"$28,997","67,210",Options:Front air conditioningFront air conditioning...more,2015
5,Jeep Wrangler Call of Duty MW3,"$30,750","56,885",New Price! Clean CARFAX. Unlimited Rubicon Silver 3....more,2012
6,Jeep Wrangler Sahara,"$22,995","69,656",LOADED WITH NAVIGATION!!!! Check out this 2011 JEEP...more,2011
7,Jeep Wrangler Unlimited Sahara,"$16,990","140,000","Located at our 1032 S Geneva rd, Orem, Ut 84058 Lot....more",2008
8,Jeep Wrangler Mountain,"$25,000","99,200","2010 jku mountain edition, has a ripp procharger ins...more",2010
9,Jeep Wrangler Unlimited Sahara,"$31,500","35,500",Clean title! Non-Smoker. I have an instant auto repo...more,2015
10,Jeep Wrangler Unlimited,"$26,500","3,089",Looking for a great deal on a newer wrangler well lo...more,2017
11,Jeep Wrangler Unlimited Rubicon,"$37,000","17,000",This is cameron with utah diesel center I purchased ...more,2016
12,Jeep Wrangler Sahara,"$25,000","13,089",Buy with confidence knowing every vehicle comes with...more,2017
13,Jeep Wrangler Sport,"$37,995","40,767",2015 Jeep Wrangler Unlimited Sport White CARFAX One-...more,2015
14,Jeep Wrangler Sport,"$28,290","4,064",New Price! CARFAX One-Owner. Bright White Clearcoat ...more,2016
15,Jeep Wrangler Sport,"$29,912","68,359",Black 2013 Jeep Wrangler Unlimited Sport 4WD 3.6L V6...more,2013
16,Jeep Wrangler X,"$19,991","94,382",2009 Jeep Wrangler Unlimited X Four Door only has 94...more,2009
17,Jeep Wrangler Sport,"$19,995","136,778",The 2012 Jeep Wrangler Unlimited Sport accommodates ...more,2012
18,Jeep Wrangler Rubicon,"$31,900","51,402","2012 Jeep Wrangler Rubicon51,487 miles! This low mil...more",2012
19,Jeep Wrangler Sahara,"$18,900","104,985","2008 JEEP WRANGLER UNLIMITED, SAHARA, 3.8L V6, 4 DOO...more",2008
20,Jeep Wrangler Unlimited,"$16,499","110,063","Clean carfax, nice clean 4 door unlimited sahara pac...more",2007
21,Jeep Wrangler Sport,"$31,900","8,500","Beautiful 2016 Jeep Wrangler. New wheels, tires, li...more",2016
22,Jeep Wrangler Sport,"$32,995","24,695",See This Vehicle on YouTube See What Our Customers A...more,2015
23,Jeep Wrangler Sahara,"$33,395","45,915",CHECK THIS OUT !!! 2016 Wrangler Unlimited .. Sahara...more,2016
24,Jeep Wrangler Sahara Polar Edition,"$35,000","31,000","2015 Jeep Wrangler Sahara, Polar edition. Mint condi...more",2015
25,Jeep Wrangler Unlimited Rubicon,"$34,000","50,000","2012 Rubicon for sale tons of add ons, 37x12.50x17 B...more",2012
26,Jeep Wrangler Sahara,"$28,990","37,538",2013 Jeep Wrangler Unlimited Sahara Billet Metallic ...more,2013
27,Jeep Wrangler Altitude,"$31,000","69,821",GEAR UP! For Moab and Go Where NO One else Can!!! in...more,2012
28,Jeep Wrangler Sahara,"$28,700","68,326","*** CLEAN CARFAX, NO ACCIDENTS ***, *** HARD TO FIND...more",2014
29,Jeep Wrangler Sahara,"$25,000","34,472","MAINTENANCE RECORDS AVAILABLE, ALL VEHICLES PROFESSI...more",2014
30,Jeep Wrangler Sahara,"$30,923","70,000",Really nice. I love it. I take it up the mountain sn...more,2014
31,Jeep Wrangler Unlimited Sahara,"$29,500","42,000",Moving to California. This Jeep was driven around th...more,2012
32,Jeep Wrangler Unlimited,"$23,299","66,768",MT OLYMPUS AUTO SALES is now open to the public ! We...more,2012
33,Jeep Wrangler Willys Wheeler,"$30,500","30,000",I am selling my jeep that is in excellent condition....more,2015
34,Jeep Wrangler Unlimited,"$17,000","90,000",This jeep runs great. Only 89600 miles on it. Made ...more,2007
35,Jeep Wrangler Unlimited,"$17,000","117,000","2007 Jeep Unlimited X JK 4x4 6 speed manual, great ...more",2007
36,Jeep Wrangler Sahara,"$34,999","23,000","This is a 2016 Jeep Wrangler Sahara Unlimited, it ha...more",2016
37,Jeep Wrangler Sahara,"$32,000","11,000",This is a great little jeep. On the inside i tinte...more,2010
38,Jeep Wrangler Sport,"$25,488","36,245",2014 Jeep Wrangler UNLIMITED SPORT ****CLEAN TITLE*...more,2014
39,Jeep Wrangler Unlimited Unlimited,"$37,500","33,200",This is a 2013 Jeep Wrangler Unlimited Sport with 33...more,2013
40,Jeep Wrangler Sport,"$37,900","11,621",Awesome Jeep Wrangler Unlimited with lots of extras!...more,2017
41,Jeep Wrangler Unlimited Sahara,"$31,900","38,700","2014 Jeep Wrangler Unlimited,Sahara, Amp'd Orange, 4...more",2014
42,Jeep Wrangler Rubicon,"$32,981","10,741",New Price!Priced below KBB Fair Purchase Price!16/20...more,2016
43,Jeep Wrangler Sport,"$36,330","49,078",CU Auto Sales is pleased to offer this 2013 Jeep Wra...more,2013
44,Jeep Wrangler Rubicon,"$29,900","45,321",You can tell the previous owner babied this Vehicle ...more,2014
45,Jeep Wrangler Sahara,"$36,888","42,818",,2014
46,Jeep Wrangler Sahara,"$19,995","85,000",LOW MILEAGE SAHARA 4 DOOR!! INCREDIBLY CLEAN!! PRI...more,2008
47,Jeep Wrangler Sport,"$31,995","31,000",Amazing 2013 Jeep Wrangler sport unlimited. Low mile...more,2013
48,Jeep Wrangler Unlimited Sahara,"$37,000","36,000",,2014
49,Jeep Wrangler Unlimited Sport,"$19,865","90,000",Please text if interested. Awesome 4 door Jeep! Take...more,2012
50,Jeep Wrangler Unlimited,"$34,000","26,000",Great jeep zero problems. Has fuel wheels and 10x34 ...more,2016
51,Jeep Wrangler Unlimited Sahara,"$18,000","92,780",Jeep Wrangler 2007 Sahara unlimited trail rated. It ...more,2007
52,Jeep Wrangler Sahara,"$25,500","44,000","Very nice clean Jeep. Navi, Sub, Soft Top, partial h...more",2013
53,Jeep Wrangler Unlimited Sahara,"$20,000","66,000",Jeep Wrangler Sahara edition. Super low miles. Level...more,2008
54,Jeep Wrangler,"$26,500","46,700",Super clean and solid. This is a well maintained Spo...more,2016
55,Jeep Wrangler Unlimited Rubicon,"$26,000","105,650",Jeep JK 4 dr Rubicon in excellent condition inside a...more,2013
56,Jeep Wrangler,"$29,999","49,300",AWESOME JEEP WRANGLER UNLIMITED SPORT!!! This thing ...more,2014
57,Jeep Wrangler Sport,"$23,000","25,014",2016 Jeep Wrangler Unlimited Sport Hard Top 3.6L V6 ...more,2016
58,Jeep Wrangler Sport,"$30,842","80,837",Body and Engine in flawless condition! Clean Title!...more,2013
59,Jeep Wrangler Sport,"$23,888","34,155",**CARFAX One-Owner** Recent Arrival! Copper 2015 Jee...more,2015
60,Jeep Wrangler Unlimited Sport,"$27,991","49,860",2011 Jeep Wrangler Unlimited Sport 3.8 Liter V6 engi...more,2011
61,Jeep Wrangler,"$23,995","79,979","Nice Jeep, Clean Title, 285 hp 3.6-liter V6, Seat...more",2014
62,Jeep Wrangler Unlimited Sahara,"$39,900","24,955",2015 Jeep Wrangler Unlimited SaharaAwesome Jeep!! Mu...more,2015
63,Jeep Wrangler S,"$37,499","22,942",***TEXT ROBERT @ (801) 633-2444 for details***2016 J...more,2016
64,Jeep Wrangler,"$14,500","100,000",Jeep Wrangler. 3 in lift. New tires wheels. Rocker...more,2007
65,Jeep Wrangler Sport,"$31,000","29,133","$31,000 OBO for the following:2014 Jeep Wrangler Unl...more",2014
66,Jeep Wrangler Unlimited Sport,"$30,000","38,000","Jeep comes with some up grade, 37” tires, viper secu...more",2014
67,Jeep Wrangler Sport,"$22,000","109,000",This gorgeous White beauty will go quick. You will w...more,2010
68,Jeep Wrangler Unlimited Altitude,"$28,000","86,000",2012 Jeep Wrangler Unlimited Sahara AltitudeFully Lo...more,2012
69,Jeep Wrangler Wrangler X,"$13,900","145,100","2008 Unlimited Jeep Wrangler, v6, automatic transmis...more",2008
70,Jeep Wrangler Unlimited,"$32,499","19,800","2016 Jeep Wrangler, 4-Door, Automatic, Air, Auto Loc...more",2016
71,Jeep Wrangler Sport,"$18,500","89,000",4 door jeep wrangler green excellent condition origi...more,2010
72,Jeep Wrangler Rubicon,"$33,999","58,603",6 speed manual! Don't bother looking at any other SU...more,2013
73,Jeep Wrangler Rubicon,"$28,869","62,449",Clean CARFAX. CARFAX One-Owner. *THIS VEHICLE COMES ...more,2012
74,Jeep Wrangler Rubicon,"$30,997","30,859",LOADED AND LIFTED***ONE OWNER****PERFECT CARFAX***Th...more,2015
75,Jeep Wrangler Sahara,"$38,988","19,798",Beautiful 2016 Jeep Wrangler Sahara 4x4 with only 19...more,2016
76,Jeep Wrangler Rubicon,"$34,900","8,943",***VERY CLEAN***LOW MILES***RUNS AND DRIVES GREAT 20...more,2016
77,Jeep Wrangler,"$27,000","89,000",2012 JKU 4.56 gearsEaton E lockers front and rearHea...more,2012
78,Jeep Wrangler Sahara,"$27,800","9,858","Great condition low miles. Moving out of State 27,80...more",2016
